topik,jawaban
Keuangan  - Pengajuan Bantuan Keuangan,Pengajuan Bantuan Keuangan dapat mengisi form pada sibaku.ub.ac.id
Keuangan - Pencairan Saldo UKT,"Silahkan mengajukan permohonan pencairan saldo dengan cara membuat surat permohonan (format bebas,rapi dan sopan) dilampiri foto/scan bukti bayar UKT semester bersangkutan serta halaman depan buku rekening. Berkas permohonan dikirim ke email mailto:tupusatub@gmail.comtupusatub@gmail.com"
keuangan - cek siam untuk tagihan,"Update Tagihan pada SIAM sdra, apabila Besaran Nominal sudah sesuai Pengajuan sdra silahkan segera melakukan Pembayaran"
Keuangan - Kriteria 50%,"Kriteria yang mendapat bantuan 50% adalah bagi Mahasiswa S1 dan D4 tingkat akhir yang berada pada Semester 9 (Sembilan) dan Seterusnya yang sudah menempuh sekurang - kurangnya 138 SKS serta mengambil mata kuliah kurang dari atau sama dengan 6 (enam) SKS. Berikut merupakan Ketentuan kriteria yang menjadi kesatuan (dimana Semester 9, minimal 138 sks, dan program Skripsi), bukan hanya salah satu kriteria yang dapat dipenuhi untuk mendapat Bantuan tsb."
Registrasi Mahasiswa Lama,Berikut kami informasikan Registrasi Mahasiswa Lama dapat dilihat https://ub.ac.id/id/pengumuman-registrasi-mahasiswa-lama-universitas-awijaya-semester-ganjil-2021-2022-program-diploma-sarjana-dan-pascasarjana/disini 
Keuangan - Jadwal Bantuan Keuangan,Jadwal Bantuan Keuangan Mahasiswa Lama dapat diakses https://bantuankeuangan.ub.ac.id/disini
Keuangan : Tata Cara Pembayaran,"Untuk melakukan pembayaran UKT, SPP, IPI dapat dilihat pada laman https://selma.ub.ac.id/tata-cara-pembayaran/https://selma.ub.ac.id/tata-cara-pembayaran/"
Keuangan - Banding UKT Mahasiswa,"Banding tersebut merupakan program dari KBMSI, hingga saat ini belum ada arahan dari Universitas dan Fakultas terkait banding UKT, silahkan menghubungi BEM Fakultas."
Keuangan : Terlambat Pengajuan Bantuan Keuangan,Untuk permohonan pengurangan UKT dilakukan melalui satu pintu pada sibaku.ub.ac.id dan dikarenakan sibaku telah ditutup Saudara di silahkan mengajukan pengurangan UKT di semester berikutnya. Sedangkan untuk pengajuan angsuran disilahkan mengajukan permohonan tertulis ditujukan kepada Wakil Dekan II FILKOM UB. Untuk surat permohonan berupa surat pribadi dan tidak ada format khusus. Silahkan diajukan dengan format rapi dan sopan dan dikirim via halo filkom dengan nomor tiket yang sama.Terima Kasih.
Keuangan - Pencairan Beasiswa Kemendikbud,Silahkan membuat surat dilampiri bukti bayar dan buku hal depan rek ybs dikirim ke tupusatub@gmail.com
Keuangan : Tidak dapat upload Berkas Yudisium,"Proses upload menunggu penerbitan SK Yudisium dengan perkiraan tanggal 16 Agustus 2021 atau lebih, mohon update dalam SIAM"
Keuangan - Bantuan UKT dan UKT Kemendikbud Ristek,"Terkait detail prosedur masih menunggu informasi lebih lanjut dari kemendikbudristek. Sampai saat ini dari Kemendikbudristek masih ada informasi berikut saja https://www.kemdikbud.go.id/main/blog/2021/08/kemendikbudristek-lanjutkan-pemberian-bantuan-kuota-data-internet-dan-uang-kuliah-tunggal-tahun-2021"" target=""_blankhttps://www.kemdikbud.go.id/main/blog/2021/08/kemendikbudristek-lanjutkan-pemberian-bantuan-kuota-data-internet-dan-uang-kuliah-tunggal-tahun-2021 Harap follow media sosial filkom di IG (filkomub) dan twitter (filkomUB) untuk bisa mendapat update terbaru jika ada informasi terkait pengajuan bantuan tersebut. Terima kasih"
Kemahasiswaan - Tahapan pendaftaran Wisuda,"Berikut adalah tahapan pendaftaran wisuda FILKOM UB: 1. unggah dokumen di SIAM2. mengisi gform di tautan berikut https://filkom.ub.ac.id/kemahasiswaan/layanan-kemahasiswaan/"" target=""blankhttps://filkom.ub.ac.id/kemahasiswaan/layanan-kemahasiswaan/3. verifikasi data ijazah dan transkrip ke Bpk. Joko melalui Yudisium WA Center di nomor 081132007577 (wa message only)4. mengisi data tracer study melalui *bit.ly/TracerFilkom*5. setelah menyelesaikan 4 poin di atas tinggal menunggu antrian wisudainformasi antrian wisuda dapat diakses di https://filkom.ub.ac.id/kemahasiswaan/informasi-wisuda/"" target=""_blankhttps://filkom.ub.ac.id/kemahasiswaan/informasi-wisuda/"
Keuangan - Cara Daftar Bantuan Kemendikbud Ristek,"Berikut link pengisian Permohonan Bantuan UKT KEMDIKBUDRISTEK Semester Ganjil 2021/2022 https://bit.ly/BantUKTKemdikbudUBGanjil2021https://bit.ly/BantUKTKemdikbudUBGanjil2021 Adapun batas waktu pengisian link tersebut sampai 15 Agustus 2021, pukul 23.59 WIB."
Keuangan - Bantuan Kemendikbud tidak terverifikasi,"Sebagai informasi dari Kemahasiswaan Universitas, Bagi mahasiswa yang mendapat Bantuan Kemendikbud pada semester Ganjil 2020/2021 namun Melakukan Cuti Akademik Pada Semester Genap 2020/2021, maka Bantuan Kemendikbud tsb tidak diberikan pada yang bersangkutan. Apabila kurang jelas dapat menghubungi Kemahasiswaan Universitas."
Keuangan - Tagihan UKT POtongan 50% Muncul Kembali,Tagihan Potongan 50% Mahasiswa Tingkat akhir yang muncul kembali merupakan tagihan yang akan dihapuskan setelah proses verifikasi dari Universitas jika anda memenuhi semua kriteria yang diberikan. Silahkan cek SIAM anda secara berkala. 
Keuangan - Sisa tagihan 50%,"Tagihan yang tertera pada SIAM saat ini merupakan sisa tagihan Bantuan Potongan 50%, Proses Verifikasi oleh Universitas terkait Bantuan Potongan 50% masih berjalan sampai saat ini, apabila hasil Verifikasi sdra memenuhi Persyaratan Bantuan Potongan 50% maka tagihan tsb akan dihapuskan oleh Universitas. mohon update SIAM secara berkala dan akses informasi penting terkait Bantuan Potongan 50% yang telah tersebar luas."
Keuangan - Angsur SAP,1. Untuk Angsuran SPP/UKT dapat diangsur sebanyak 2x dalam jangka waktu 1 Semester (Ganjil 2021/2020) 2. Untuk Angsuran SPFP dapat diangsur sebanyak 3x dalam jangka waktu 1 Semester (Ganjil 2021/2020)
Kemahasiswaan - KTM Tersedia,"KTM Anda sudah tersedia, silahkan diambil pada hari dan jam kerja di bagian informasi gedung F lantai 1 FILKOM UB. Terima kasih "
Kemahasiswaan- pengajuan ST Dospem dan Reward Prestasi,Bisa diajukan melalui tautan berikut https://filkom.ub.ac.id/kemahasiswaan/layanan-kemahasiswaan/https://filkom.ub.ac.id/kemahasiswaan/layanan-kemahasiswaan/ poin 3 layanan pengajuan reward prestasi.  Harap menyertakan dokumen pendukung sebagai berikut:- form pengajuan reward dari universitas yang sudah diisi (termasuk cantumkan nama dosen pembimbingnya)- sertifikat- ktm- proposal karya (jika ada)- screenshot/ foto saat acara lomba atau pengumuman pemenang Terima kasih
Kemahasiswaan - KIP Kuliah,"Sampai saat ini belum ada informasi terkait hal tersebut. Merujuk dari website resmi KIP-K diinformasikan bahwa Saat ini KIP-Kuliah dikhususkan untuk calon mahasiswa/lulusan SMA sederajat tahun berjalan atau lulus dua tahun sebelunya. Untuk informasi lebih lanjut tentang KIP-K dapat diakses di tautan berikut https://kip-kuliah.kemdikbud.go.id/panduanhttps://kip-kuliah.kemdikbud.go.id/panduan. Harap follow media sosial FILKOM (IG:filkom ub), (Twitter:filkomUB) untuk mendapat update informasi terbaru tentang FILKOM UB. Terima kasih."
Kemahasiswaan - Verifikasi SKM,Untuk dapat diverifikasi silahkan melakukan pengajuan melalui tautan berikut https://filkom.ub.ac.id/kemahasiswaan/layanan-kemahasiswaan/https://filkom.ub.ac.id/kemahasiswaan/layanan-kemahasiswaan/ Terima kasih
Akademik_NIP Khajur KPS TIF,"Terimakasih telah menghubungi halo filkom,NIP KPS TIF 198907202018031002 NIP Khajur TIF 197411182003121002 Terima Kasih"
Kemahasiswaan - Rekomendasi magang mandiri dan MBKM,Baik untuk surat rekomendasi magang bisa mengajukan ke bagian MBKM melalui tautan berikut https://s.ub.ac.id/2nhttps://s.ub.ac.id/2n dan menghubungi ibu Nesti staf MBKM di nomor 081132007588.  Terima kasih
Kemahasiswaan - Pengajuan ST Dosen Pembimbing Lomba,"Jika sudah terlanjur tidak memiliki dosen pembimbing saat lomba, bisa pengajuan ke kemahasiswaan melalui email kemahasiswaan dengan melampirkan dokumen pendukung sbb:1. KTM ketua dan anggota2. sertifikat 3. proposal karya (jika ada)4. dokumentasi saat lomba (foto/screenshot saat lomba/saat serah terima penghargaan) Tapi harap disampaikan untuk selanjutnya saat mengikuti lomba bisa mencari dosen pembimbing terlebih dahulu. Terima kasih "
Kemahasiswaan - Rekomendasi Magang dan MBKM,Sehubungan dengan pengajuan surat rekomendasi/pengantar magang saat ini sudah ditandatangani oleh bagian Merdeka Belajar - Kampus Merdeka (MBKM).  Cara pengajuan nya dengan mengisi permohonan surat rekomendasi di https://s.ub.ac.id/2nhttps://s.ub.ac.id/2n dan menghubungi ibu Nesti staf MBKM di nomor 081132007588. Saat ini bagian kemahasiswaan hanya menangani surat pengantar/rekomendasi beasiswa dan lomba.  Terima kasih 
Akademik : Presensi Perkuliahan,"Terima kasih telah menghubungi Halo Filkom,Terkait presensi perkuliahan tidak hadir (sakit,ijin,kep lain ) bisa menghubungi bagian pengajaran Filkom : Bapak Redi (085646667788)/ Bapak David ( 082143159727) dengan melampirkan :- Surat izin tidak masuk dari mahasiswa- Surat keterangan tambahan misal : surat dokter, surat kegiatan resmi kemahasiswaan, dll Hari kerja aktif (Senin sd Jumat) Pukul 08:00 s/d 15:00"
Akademik : Pengambilan Sertifikat TOEFL,"Terimakasih telah menghubungi halo filkom, untuk informasi pengambilan sertifikat toefl bisa akses link berikut : https://filkom.ub.ac.id/2020/07/22/informasi-pengambilan-sertifikat-toefl/"" target=""_blankhttps://filkom.ub.ac.id/2020/07/22/informasi-pengambilan-sertifikat-toefl/ Terima Kasih"
Akademik : Surat Pengantar Penelitian Skripsi,"Terimakasih telah menghubungi halo filkom,Pembuatan Surat Pengantar Penelitian Skripsi bisa akses link berikut : https://bit.ly/SuratPengantarPengambilanDataSkripsiTesisFilkom"" target=""_blankhttps://bit.ly/SuratPengantarPengambilanDataSkripsiTesisFilkomTerima Kasih"
Akademik : Surat Aktif Kuliah,"Terimakasih telah menghubungi halo filkom,Untuk pengajuan Surat Aktif Kuliah bisa mengakses link berikut : https://bit.ly/SuratAktifKuliahFilkom"" target=""_blank https://bit.ly/Surat Aktif Kuliah Filkom Terima Kasih"
Akademik : Perihal Kehilangan Transkrip Nilai Kuliah,"Berikut proses yang diperlukan mahasiswa jika kehilangan transkrip nilai kuliah : 1. Membuat surat permohonan kepada wakil dekan bidang akademik filkom perihal Surat Keterangan Pengganti Transkrip Nilai. Surat kehilangan dari pihak kepolisian 3. Scan transkrip nilai 4. Softfile foto 3x4 dengan resolusi tinggi (harus sama seperti yang tertempel di ijazah/transkrip)5. Point 1 sampai 4 dikirim dalam format pdf ke email : mailto:akademik filkom@ub.ac.id"" target=""_blank akademik filkom@ub.ac.id Terima Kasih"
Akademik : Layanan Akademik,"Terimakasih telah menghubungi halo filkom,Berikut kami kirimkan link layanan akademik FILKOM UB https://filkom.ub.ac.id/pendidikan/layanan-akademik-filkom-ub/"" target=""_blank https://filkom.ub.ac.id/pendidikan/layanan-akademik-filkom-ub/ Terimakasih"
Akademik Proposal Skripsi di luar Jadwal (J-TIF),"Terimakasih telah menghubungi halo filkom,Pengajuan proposal skripsi di luar jadwal yang ada pada filkom apps pada lingkungan JTIF (TIF dan Telkom), mahasiswa bisa mengajukan pembukaan akses terbatas kepada dosen pembimbing dengan baik dan sopan agar bisa diteruskan oleh dosen pembimbing kepada Ketua Jurusan TIF Terimakasih"
Akademik_Peminjaman Fasilitas Lab,"Terimakasih telah menghubungi halo filkom,Bagi mahasiswa yang mengajukan peminjaman fasilitas Lab bisa mengajukan kepada KaLab dengan persetujuan dosen pembimbing. Terimakasih"
Akademik Konversi MK perpindahan prodi,"Terimakasih telah menghubungi halo filkom,Sesuai arahan dari pimpinan JTIF, MK wajib dengan kode yang berbeda maka secara otomatis konten nya berbeda, maka mahasiswa tetap menempuh MK wajib tersebut sebagai konsekuensi perpindahan prodi Terimakasih"
Akademik_Foto Yudisium SC2-18,"Terima Kasih telah menghubungi halo filkom, - setelah upload foto &amp; KTM pada folder drive, mahasiswa diharapkan tetap mengumpulkan pada filkom lt 1 dg memberikan konfirmasi kepada WA center Yudisium- progres yudisium view_mhs FILKOM bisa dilihat pada :https://docs.google.com/spreadsheets/d/1nWPCbAI-rnqGNcyLXf8BDk2p5wFHZicmNyjc4ELNCWM/edit?resourcekey&amp;pli=1#gid=1724341464"" target=""_blankhttps://docs.google.com/spreadsheets/d/1nWPCbAI-rnqGNcyLXf8BDk2p5wFHZicmNyjc4ELNCWM/edit?resourcekey&amp;pli=1#gid=1724341464 Pengajuan yudisium FILKOM : https://docs.google.com/forms/d/18TAxwwMnGuyOrPkDFUz_aopslsVIfKw7vaoCmiMtdQs/viewform?edit_requested=true"" target=""_blankhttps://docs.google.com/forms/d/18TAxwwMnGuyOrPkDFUz_aopslsVIfKw7vaoCmiMtdQs/viewform?edit_requested=true Terimakasih"
Akademik_Kontak HP Daring KPS TIF & Tekom,"Terimakasih telah menghubungi halo filkom,Berikut kami sampaikan no HP Daring KPS pada lingkungan JTIF ;KPS TIF ; 082232641423 (Aditya Bhawiyuga)KPS Telkom ;  085608568510 (Eko Setiawan) Terimakasih"
Akademik Pembatalan MK PKL/ Skripsi,"Terimakasih telah menghubungi halo filkom,Mahasiswa yang tidak jadi menempuh MK PKL ataupun Skripsi pada SIAM, mahasiswa tetap diperkenankan dengan syarat tidak ada aktivitas PKL/ Skripsi pada semester berjalan (Filkom apps/ skripsi dan PKL) Terimakasih"
Akademik Syarat Menempuh MK Lintas Prodi,"Terimakasih telah menghubungi halo filkom, Mahasiswa diijinkan mengambil MK lintas prodi selama dibuka oleh prodi lain (terutama MKU), kebetulan MK kewarganegaraan dibuka maka mhs dipersilahkan mengambil KRS MK tsb pada saat KRS-an ataupun batal tambah (jika terlambat KRS-an)Terimakasih"
Akademik Perpindahan Prodi Akreditasi B ke A,"Terimakasih telah menghubungi halo filkom,Menyampaikan jawaban dari KPS prodi Sistem Informasi Filkom UB, bahwa mhs ybs tidak diperkenankan melakukan perpindahan prodi ke Sistem Informasi. Perihal yang menyebabkan tidak disetujuinya mhs dalam perpindahan prodi sesuai keterangan pada poin 4 hal 29 Buku Pedoman Akademik FILKOM UB.Berikut kami lampirkan link Buku Pedoman Akademik FILKOM UB terkait Perpindahan Prodi (hal 29) : https://filkom.ub.ac.id/profil/dokumen-resmi/"" target=""_blank Dokumen Resmi » Fakultas Ilmu Komputer | Universitas Brawijaya (ub.ac.id) Terimakasih"
Akademik Perubahan Judul Skripsi Filkom Apps,"Terimakasih telah menghubungi halo filkom,Perubahan judul skripsi pada filkom apps bisa diubah selama belum P2 oleh dosen pembimbing, setelah proses P2 mahasiswa tetap bisa merubah judul pada filkom apps pada saat mendaftar semhas skripsi dan upload dokumen akhir pasca Ujian Skripsi Terimakasih"
Akademik : Alur Get NIM Mahasiswa FILKOM UB,"Terimakasih telah menghubungi halo filkom,Masuk ke info pin (https://siam.ub.ac.id/getpin.php"" target=""_blankhttps://siam.ub.ac.id/getpin.php) Masukkan nomor kode pendaftaran pada kolom Nomor Peserta Ujian Masuk dan masukkan tanggal pembayaran, kemudian selesaikan pertanyaan penjumlahan matematis di bawahnya, kemudian klik cari Akan muncul data peserta dan PIN untuk login ke siam Kembali ke https://siam.ub.ac.id/"" target=""_blankhttps://siam.ub.ac.id/ Gunakan nomor kode pendaftaran di kolom NIM dan PIN di kolom kata sandi, dan klik Masuk Setelah login, Anda akan mendapatkan nomor NIM dan password, namun password ini harus diaktifkan dulu sebelum digunakan Masuk ke https://bais.ub.ac.id/"" target=""_blankhttps://bais.ub.ac.id, gunakan nomor NIM dan password yang baru Anda dapatkan Akan muncul kolom-kolom isian untuk aktivasi, isikan email Anda yang biasa digunakan, dan isikan password baru yang bisa Anda ingat, kemudian klik simpan Setelah selesai, logout dari https://bais.ub.ac.id/"" target=""_blankhttps://bais.ub.ac.id Kembali ke https://siam.ub.ac.id/"" target=""_blankhttps://siam.ub.ac.id Gunakan nomor NIM dan password yang baru Anda isikan di BAIS untuk masuk ke SIAM Harap simpan baik-baik NIM dan password tersebut karena Anda akan terus menggunakannya. Terimakasih"
Akademik_Prosedur Buka Blokir telat pembayaran & Pengajuan Validasi di luar jadwal,"Terimakasih telah menghubungi halo filkom,1. berikut kami kirimkan link prosedur buka blokir terlambat pembayaran poin Bhttps://filkom.ub.ac.id/2020/08/18/prosedur-daftar-ulang-mahasiswa-dengan-evaluasi-studi-dan-terlambat-melaksanakan-pembayaran-filkom-ub/"" target=""_blankProsedur Daftar Ulang Mahasiswa dengan Evaluasi Studi dan Terlambat Melaksanakan Pembayaran FILKOM UB » Fakultas Ilmu Komputer | Universitas Brawijaya 2. Berikut kami lampirkan link pengumuman pengajuan validasi dikarenakan terlambat (per 20 Agustus 2021) :https://filkom.ub.ac.id/2021/08/21/pengajuan-validasi-untuk-krs-dengan-status-belum-disetujui/"" target=""_blankhttps://filkom.ub.ac.id/2021/08/21/pengajuan-validasi-untuk-krs-dengan-status-belum-disetujui/ Mhs tetap mengisi form yg mana ada ttd dosen PA sesuai Form Terimakasih"
Akademik Penambahan SKS melebihi batas maksimum MK dari IP Beban (JTIF),"Terimakasih telah menghubungi halo filkom,Berdasar arahan Kaprodi TIF, untuk pengajuan penambahan SKS di luar batas IP Beban adalah Dosen PA menyampaikan kepada KPS.Tugas mahasiswa menginfokan kepada Dosen PA dengan baik dan sopan. Terimakasih"
Akademik Validasi dosen PA pada KRS SIAM mahasiswa (masih dalam jadwal),"Terimakasih telah menghubungi halo filkom,MK .... sudah kami masukkan ke SIAM mhs, untuk validasi dosen PA wajib mengajukan sesuai pengumuman pada web filkom https://filkom.ub.ac.id/2021/08/21/pengajuan-validasi-untuk-krs-dengan-status-belum-disetujui/"" target=""_blank Pengajuan validasi untuk KRS dengan status belum disetujui » Fakultas Ilmu Komputer | Universitas Brawijaya (ub.ac.id) Terimakasih"
Akademik Proses sertifikasi IT belum ada jawaban,"Terimakasih telah menghubungi halo filkom,Untuk isu seperti di atas bisa mengisi pada Halo SELMA UB jika pada link sertifikasi IT (https://sertifikasi.ub.ac.id/"" target=""_blankhttps://sertifikasi.ub.ac.id/) belum menemukan jawaban. Terimakasih"
Akademik Prasyarat perpindahan stream/ keminatan,"Terimakasih telah menghubungi halo filkom,Sesuai arahan KPS TIF, ""Tidak ada prosedur untuk berpindah stream/keminatan asalkan mampu mengerjakan skripsi sesuai dengan kelayakan dan kecukupan. Silakan bisa kontak ke calon dosen pembimbing di keminatan baru. Terimakasih"
Akademik Pengajuan proposal skripsi di luar jadwal (JTIF),"Terimakasih telah menghubungi halo filkom,Sesuai arahan Kajur TIF, Mahasiswa bisa melakukan pengajuan mandiri melalui dosen pembimbing agar bisa tersampaikan kepada Kajur Terimakasih"
Akademik Dosen Pembimbing Ujian Skripsi tidak hadir salah satu,"Terimakasih telah menghubungi halo filkom,Untuk pelaksanaan Ujian Skripsi tetap bisa dilaksanakan hanya dengan salah satu dosen pembimbing, tetapi kedua dosen penguji wajib hadir. Bagi dosen pembimbing yg tidak hadir masih tetap bisa mengisi penilaian pada filkom apps. Terimakasih"
Akademik Pengajuan Pra-Proposal terkendala,"Terimakasih telah menghubungi halo filkom,Sesuai arahan pimpinan JTIF, mahasiswa tetap bisa mengajukan pra proposal skripsi (melalui akun yg gagal sebelumnya) dan proposal (mhs mengajukan ke pembimbing agar pembimbing bisa mengajukan kepada ketua jurusan) Terimakasih"
"Akademik_Tombol ""revisi proposal"" skripsi pada filkom apps","Terimakasih telah menghubungi halo filkom,Silahkan tekan tombol ""lakukan revisi"" warna merah dan ikuti petunjuk berikutnya untuk upload revisi Terimakasih"
Akademik : Kuota Paket Data,"Proses pendaftaran mahasiswa baru/ lama  ke PD DIKTI masih berjalan dan tidak otomatis semua terinput di Sistem sehingga nomor Saudara masih belum mendapat paket Data pada bulan September dan Oktober ini, Kami akan pastikan data saudara terupdate di PD DIKTI sebagai dasar mendapatkan Paket Data pada bulan berikutnya. Terimakasih"
Akademik : SKL & Transkrip,"Terimakasih telah menghubungi halo filkom,Untuk SKL bisa menghubungi WA center Yudisium (081132007577), untuk transkrip bisa input di link berikut : https://bit.ly/TranskripNilaiFilkom"" target=""_blankhttps://bit.ly/Transkrip Nilai Filkom (untuk transkrip sementara selama pandemi covid kami kirim melalui email) Terima Kasih"
Akademik : Transkrip final validasi rektor dan dekan,"Terimakasih telah menghubungi halo filkom,Transkrip Final yang sudah divalidasi rektor dan dekan bisa didapatkan setelah wisuda Terimakasih"
Akademik Sertifikasi IT,"Terimakasih telah menghubungi halo filkom,Informasi sertifikasi IT bisa cek pada laman yang disediakan https://sertifikasi.ub.ac.id/https://sertifikasi.ub.ac.id/ Terimakasih"
Akademik ; Pengambilan Ijazah Non Prosesi,"Selamat Pagi, untuk pengambilan hari Senin - Jumat pukul 14.00-15.00 Bisa input d'link berikut : https://bit.ly/Pengambilan_Ijazah_Filkom"" target=""_blank http://bit.ly/Pengambilan Ijazah Filkom Terima kasih"
"Akademik ; Pengajuan Transkrip (keperluan beasiswa, mhs DO, semhas validasi KPS, dll)","Selamat Pagi, bisa akses link berikut : https://bit.ly/TranskripNilaiFilkom"" target=""_blank http://bit.ly/Transkrip Nilai Fikom Terima Kasih"
Akademik Pengajuan transkrip validasi KPS - JTIF,"Terimakasih telah menghubungi halo filkom,Berikut kami kirimkan link layanan akademik FILKOM UB (JTIF ada pada kolom poin no 13 sebelah kanan)https://filkom.ub.ac.id/pendidikan/layanan-akademik/https://filkom.ub.ac.id/pendidikan/layanan-akademik/ <span style=""color:rgb(0, 0, 0)1 permintaan Link transkrip awal (no 13)2 transkrip no 1 dikirimkan ke link berikutnya pada poin yg sama (no 13)</span> <span style=""color:rgb(0, 0, 0)Terima Kasih</span>"
Akademik ; Layanan Ruang Baca Filkom UB,"Mohon maaf, ruang baca filkom belum bisa melayani secara online. Untuk sementara waktu hanya bisa memberikan opacnya saja melalui : http://10.34.15.14/slims7_cendana/http://10.34.15.14/slims7_cendana/ Catatan :- wajib menggunakan VPN jika diakses di luar UB- kalau Mahasiswa berada di malang, jam operasional layanan Ruang Baca pkl 8.30 sd 15.00- akan tetapi jika tidak di malang dan memerlukan sumber data bisa melakukan pesanan ke petugas, bisa melalui kontak WA di bawah ini :bp Syaifudin : 081555850538bp Pranoe T : 082232834561 terimakasih."
Akademik_Turnitin (prasyarat s.d melihat hasil turnitin),"Terimakasih telah menghubungi halo filkom,Berikut kami kirimkan link terkait prasyarat pengecekan plagiasi turnitin Filkom UB :https://filkom.ub.ac.id/2019/02/01/panduan-pemeriksaan-plagiasi-file-skripsi/https://filkom.ub.ac.id/2019/02/01/panduan-pemeriksaan-plagiasi-file-skripsi/ Terimakasih"
Akademik ; Transkrip legalisir,"Terimakasih telah menghubungi halo filkom,Jika sudah wisuda : https://bit.ly/LegalisirFilkom"" target=""_blank https://bit.ly/Legalisir Filkom jika belum wisuda maka silahkan akses link berkut : https://bit.ly/TranskripNilaiFilkom"" target=""_blank http://bit.ly/Transkrip Nilai Fikom Terima kasih"
Akademik Persyaratan Semhas & Ujian Skripsi Filkom,"Terimakasih telah menghubungi halo filkom,Persyaratan Semhas dan Ujian Skripsi :1 Mendaftar pada filkom apps 2 Mengisi Form kelengkapan pengajuan semhas (no 15 : https://filkom.ub.ac.id/pendidikan/layanan-akademik/https://filkom.ub.ac.id/pendidikan/layanan-akademik/) Terimakasih"
Akademik Ujian Khusus Filkom UB,"Terimakasih telah menghubungi halo filkom,Berikut kami kirimkan link pengajuan Ujian Khusus Filkom UB, jika ditolak oleh KPS akan kami infokan melalui email mahasiswa https://s.ub.ac.id/ujiankhususfilkomubhttps://s.ub.ac.id/ujiankhususfilkomub Terimakasih "
Akademik; Tidak bisa masuk link UAS,"Terimakasih telah menghubungi halo filkom,Sesuai arahan dari PSIK ;- kapan pun sebenarnya masih bisa- akun google dan email pastikan menggunakan UB (student)- tidak dianjurkan utk ketik manual, diutamakan copas dari data studio- pastikan tidak ada spasi yg masuk- untuk efisiensi dan efektivitas kegiatan UAS, jika ada kendala lagi terkait join UAS bisa disampaikan ke zoom Posko sesuai pengumuman pada web melalui pengawas UAS Untuk memastikan bisa diberi contoh dari username dan contoh kelas serta enrol yg mau dimasukkan Terimakasih"
Akademik ; Foto Yudisium,"Terimakasih telah menghubungi halo filkom,Pendaftaran yudisium per 29 10 2021 sudah melalui filkom apps, untuk detail foto bisa melihat deskripsi pada pengajuan/ daftar yudisium pada akun filkom apps masing2 :1. Background foto wajib biru terang2. Format Foto wajib DOF 3. Tidak memakai kacamata 4. Tidak memakai jas almamater 5. Wajib menggunakan busana nasional/ kebaya (bagi calon wisudawati) Terimakasih"
Akademik_Turnitin,"Terimakasih telah menghubungi halo filkom,Berikut kami kirimkan link Layanan Plagiasi Turnitin :https://filkom.ub.ac.id/layanan-fasilitas/layanan-deteksi-plagiasi/https://filkom.ub.ac.id/layanan-fasilitas/layanan-deteksi-plagiasi/ Terimakasih"
Kemahasiswaan - pengambilan KTM,"Bisa langsung datang ke ruang kemahasiswaan FILKOM UB di gedung A, ruang A1.5 pada hari dan jam kerja. Harap sebelumnya sudah mengisi form minat bakat melalui tautan berikut https://s.id/Bakat_Minat_FILKOMs.id/Bakat_Minat_FILKOM. Terima kasih"
Kemahasiswaan Pengambilan KTM,"KTM mahasiswa angkatan 2019 dan 2020 sudah bisa diambil di hari dan jam kerja di bagian kemahasiswaan FILKOM UB, gedung A ruang A1.5. Syarat pengambilan: harus sudah mengisi form Minat Bakat melalui tautan berikut https://s.ub.ac.id/1cxhttps://s.ub.ac.id/1cx. Terima kasih"
Akademik; Crisis Centre UAS Filkom 2021-1,"Terimakasih telah menghubungi halo filkom, Untuk mempercepat progres UAS (sesuai arahan ketua panitia UAS), jika ada kendala mahasiswa terkait UAS ; zoom, PIN, jaringan, dll bisa menginfokan kepada bag crisis centre pada hari ini :https://univ-awijaya.zoom.us/j/93004097036?pwd=OVlIM1R5ZmprY0hnTXVUQmppWklaUT09https://univ-awijaya.zoom.us/j/93004097036?pwd=OVlIM1R5ZmprY0hnTXVUQmppWklaUT09 Terimakasih "
Akademik Perubahan Jurnal JTIIK ke luar JTIIK,"Terimakasih telah menghubungi halo filkom,Mahasiswa bisa mengisi pada bagian sc2-17 (setelah mahasiswa upload dokumen akhir pada filkom apps) sesuai pengumuman berikut (poin no 4)https://filkom.ub.ac.id/2021/04/22/surat-edaran-dekan-tentang-publikasi-jurnal-hasil-skripsi-mahasiswa/"" target=""_blankhttps://filkom.ub.ac.id/2021/04/22/surat-edaran-dekan-tentang-publikasi-jurnal-hasil-skripsi-mahasiswa/ Terimakasih"
Keuangan - Pembayaran diluar Jadwal Registrasi,"Pembayaran diluar jadwal registrasi memerlukan konfirmasi ke Bagian Keuangan terlebih dahulu melalui halofilkom.ub.ac.id untuk kami proses pembukaan Sistem Pembayaran, Silahkan mencantumkan Rencana tanggal dan nominal pembayaran disini saat akan membayar angsuran ke 2 dan 3. Terima Kasih"
Kemahasiswaan- Surat Rekomendasi Beasiswa,Template surat keterangan dapat diunduh di https://filkom.ub.ac.id/profil/dokumen-resmi/https://filkom.ub.ac.id/profil/dokumen-resmi/ Untuk Surat Keterangan dan Rekomendasi beasiswa wajib unggah dan mengisi informasi: Surat Keterangan/Rekomendasi yang sudah diisi dan ditandatangani (dapat unduh di https://filkom.ub.ac.id/profil/dokumen-resmi/https://filkom.ub.ac.id/profil/dokumen-resmi/)Nama beasiswa yang akan diajukan Sumber informasi beasiswa (cantumkan link informasi)
Akademik ; Bebas Pustaka UB,"Terimakasih telah menghubungi halo filkom,Surat bebas pustaka UB :https://lib.ub.ac.id/berita/panduan-pengurusan-bebas-pustaka-online/https://lib.ub.ac.id/berita/panduan-pengurusan-bebas-pustaka-online/ Terimakasih"
Akademik _ Batas akhir pendaftaran semhas/ ujian skripsi,"23 12 2021, pkl 23.59Mahasiswa memastikan bahwa sudah mendaftar pada form (https://filkom.ub.ac.id/pendidikan/layanan-akademik/https://filkom.ub.ac.id/pendidikan/layanan-akademik/ poin no 15) dan filkom apps sesuai pada halaman penjadwalan filkom apps Terimakasih"
Akademik_Bebas tanggungan Laboratorium FILKOM UB,"Terimakasih telah menghubungi halo filkom,Berikut kami kirimkan link pengumuman bebas laboratorium filkom UB :https://filkom.ub.ac.id/2021/08/09/pengurusan-bebas-tanggungan-laboratorium-untuk-persyaratan-yudisium-sc2-18/https://filkom.ub.ac.id/2021/08/09/pengurusan-bebas-tanggungan-laboratorium-untuk-persyaratan-yudisium-sc2-18/ Terimakasih"
Akademik Form Pasca Ujian Skripsi,"Terimakasih telah menghubungi halo filkom,Ujian skripsi yg Anda laksanakan hari ini (28 12 2021) sudah diproses oleh majlis penguji :- form sc2-12 dan sc2-13 sudah bisa di download di akun masing2 mhs-sc2-16 &amp; sc2-17 (ttd scr daring) bisa diakses/ download setelah mhs unggah dokumen akhir dan disetujui oleh dosen  Terimakasih"
Akademik_ PKL / MBKM,"Terimakasih telah menghubungi halo filkom,Info magang bisa cek web merdeka-filkom.ub.ac.id atau web mbkm kemendikbud.Prosedur PKL silahkan mencari tempat PKL terlebih dahulu kemudian mendaftar untuk diterbitkan surat pengantar melalui web filkom tab layanan akademik.Secara prinsip mahasiswa semester 6 ke atas punya hak untuk ikut mbkm, mhs diharap memastikan terlebih dahulu MK wajib sudah selesai ditempuh Terimakasih"
Keuangan - Yudisium,Saat ini sedang proses sinkronisasi untuk memproyeksikan mahasiswa yang dapat mendaftar Yudisium maksimal tanggal 11 Januari 2022 untuk penentuan ditagihkan atau tidaknya UKT di Semester Genap 2021/2022
Akademik ; Pendaftaran Yudisium Filkom UB,"Terimakasih telah menghubungi Halo Filkom, Berikut kami kirimkan link prosedur pendaftaran yudisium Filkom :https://filkom.ub.ac.id/pendidikan/prosedur-pelayanan-akademik/yudisium/https://filkom.ub.ac.id/pendidikan/prosedur-pelayanan-akademik/yudisium/ Terimakasih"
Akademik; Toefl,"Terimakasih telah menghubungi halo filkom,Silahkan bisa menyesuaikan dengan link berikut https://blc.ub.ac.id/"" target=""_blankhttps://blc.ub.ac.id/ Terimakasih"
Keuangan: Permasalahan sibaku,Terkait dengan permasalahan pada sistem Informasi Sibaku silahkan sampaikan pada https://helpdesk-tik.ub.ac.id/https://helpdesk-tik.ub.ac.id/ dikarenakan sistem tersebut sepenuhnya di operasikan oleh Universitas.
Akademik ; Perkuliahan Hybrid,"Terimakasih telah menghubungi halo filkom,Berikut kami kirimkan pengumuman universitas dan fakultas :https://filkom.ub.ac.id/2022/01/19/perkuliahan-semester-genap-tahun-akademik-2021-2022-di-fakultas-ilmu-komputer-universitas-awijaya/https://filkom.ub.ac.id/2022/01/19/perkuliahan-semester-genap-tahun-akademik-2021-2022-di-fakultas-ilmu-komputer-universitas-awijaya/pendataan fakultas : https://filkom.ub.ac.id/2022/01/21/pengumuman-pendataan-mahasiswa-mengikuti-perkuliahan-tatap-muka/https://filkom.ub.ac.id/2022/01/21/pengumuman-pendataan-mahasiswa-mengikuti-perkuliahan-tatap-muka/Mahasiswa jika tidak mengisi maka dianggap menyetujui perkuliahan Daring bukan Luring Terimakasih"
Akademik ; Mahasiswa Kritis sudah Ujian - status DO,"Terimakasih telah menghubungi halo filkom,Status DO (mahasiswa kritis) saat ini dikarenakan belum mendaftar yudisium dan masa studi telah habis, akan kami bantu untuk pengajuan perubahan ke pusat dengan syarat mahasiswa segera mengajukan yudisium sesuai ketentuan yang ada (filkom apps dan SIAM)SK yudisium akan diajukan kepada keuangan oleh bag akademik untuk pembebasan keuangan pada smt berikutnya (jk telah dianggap mendaftar yudisium pada smt sebelumnya) Terimakasih"
Akademik ; UKT mhs Ujian skripsi belum yudisium (selain kritis),"Terimakasih telah menghubungi halo filkom,Status Anda per hari ini adalah selesai ujian, belum mendaftar yudisium apps, segera lakukan pendaftaran pada filkom apps jika telah selesai revisi.Proses tagihan pada SIAM bagi mahasiswa 2015 yg belum mendaftar yudisium pada waktu yg telah ditentukan diberlakukan sesuai edaran Rektor no 7078 atau 5287.1 yaitu 50%Berikut kami kirimkan link https://ub.ac.id/id/edaran-mengenai-kebijakan-uang-kuliah-tunggal/https://ub.ac.id/id/edaran-mengenai-kebijakan-uang-kuliah-tunggal/ Terimakasih"
Akademik_Link Data Uji,"Terimakasih telah menghubungi halo filkom,Yang dimaksud adalah Link folder drive dari mahasiswa terkait file unggah data pengujian/ perancangan skripsinya, biasanya pada bab 5-6 kondisional tergantung skripsinya juga Terimakasih"
Akademik ; Batas SKS Beban Mhs,"<figure>cid:x5ntb0nyinevlh1v7auazrqa3zx92oka"" data-image=""X5nTB0Nyinevlh1v7auAzrqA3zx92OkAimage</figure>"
Akademik ; Batas konversi Nilai ke Huruf,"<figure>cid:rnodgycown0bnec82rianm2_ppcajnim"" data-image=""RNoDgYcOWN0BnEc82RIANM2_PpcAjNIMimage</figure>"
Akademik ; Bantuan UKT,Untuk permohonan pengurangan UKT dilakukan melalui satu pintu pada sibaku.ub.ac.id dan dikarenakan sibaku telah ditutup Saudara disilahkan mengajukan pengurangan UKT di semester berikutnya. Sedangkan untuk pengajuan angsuran disilahkan mengajukan permohonan tertulis ditujukan kepada Wakil Dekan II FILKOM UB. Untuk surat permohonan berupa surat pribadi dan tidak ada format khusus. Silahkan diajukan dengan format rapi dan sopan dan dikirim via halo filkom dengan nomor tiket yang sama.
Akademik ; FAQ Perkuliahan Hybrid Filkom UB,"Terimakasih telah menghubungi halo filkom,Berikut kami kirimkan FAQ Perkuliahan Filkom UBhttps://filkom.ub.ac.id/2022/01/24/faq-seputar-penyelenggaraan-perkuliahan-hyid-filkom-di-semester-genap-2021-2022/https://filkom.ub.ac.id/2022/01/24/faq-seputar-penyelenggaraan-perkuliahan-hyid-filkom-di-semester-genap-2021-2022/ Terimakasih"
Akademik ; Daftar Ulang,"Terimakasih telah menghubungi halo filkom,Berikut kami kirimkan Prosedur Daftar Ulang Mahasiswa smt Genap 2021/2022https://filkom.ub.ac.id/2022/01/20/prosedur-daftar-ulang-mahasiswa-semester-genap-ta-2021-2022-filkom-ub/https://filkom.ub.ac.id/2022/01/20/prosedur-daftar-ulang-mahasiswa-semester-genap-ta-2021-2022-filkom-ub/ Terimakasih"
Kemahasiswaan - Kuliah Hybrid,FAQ Seputar Penyelenggaraan Perkuliahan Hyid FILKOM di Semester Genap TA. 2021/2022 dapat diakses di tautan berikut https://filkom.ub.ac.id/2022/01/24/faq-seputar-penyelenggaraan-perkuliahan-hyid-filkom-di-semester-genap-2021-2022/https://filkom.ub.ac.id/2022/01/24/faq-seputar-penyelenggaraan-perkuliahan-hyid-filkom-di-semester-genap-2021-2022/ Informasi Pengumuman Pendataan Mahasiswa Mengikuti Perkuliahan Tatap Muka dapat diakses di tautan berikut https://filkom.ub.ac.id/2022/01/21/pengumuman-pendataan-mahasiswa-mengikuti-perkuliahan-tatap-muka/https://filkom.ub.ac.id/2022/01/21/pengumuman-pendataan-mahasiswa-mengikuti-perkuliahan-tatap-muka/ Terima kasih
Akademik ; Permohonan perpanjangan mahasiswa DO diluar skripsi,"Sesuai arahan dari Wakil Dekan Bidang Akademik, mahasiswa bisa mencoba mengisi form berikut serta meminta persetujuan rekomendasi dari KPS Catatan pada bagian bawah form harap dicermati dengan teliti Surat diisi oleh mahasiswa, dan ditandatangani oleh orang tua, mahasiswa, dan meminta juga tanda tangan ketua program studi lalu mengumpulkan melalui Google Form atau dikirimkan ke email mailto:filkom@ub.ac.id"" target=""_blank filkom@ub.ac.id File disimpan dengan nama file: perpanjangan-prodi-nim dalam format dokumen atau PDF (Kode Prodi: TIF / TKOM / SI / TI / PTI / ILKOM"
Akademik ; Perkuliahan Hybrid wajib hadir,"Sesuai arahan dari WD1, semua perkuliahan secara dasar ya harus datang dan offline, pandemi yang menjadi dasar untuk tdk luring, akan tetapi jika pandemi mulai bisa dinetralisir maka kewajiban mahasiswa ya harus datang.Kalau masih keberatan maka mahasiswa diminta membuat surat keberatan dan bukti dukung tidak bisa luring Terimakasih"
Akademik : Pendataan Kelas Penuh,"Pendataan kelas penuh : https://filkom.ub.ac.id/2022/01/30/pendataan-kelas-penuh-semester-genap-2021-2022/"" target=""_blankhttps://filkom.ub.ac.id/2022/01/30/pendataan-kelas-penuh-semester-genap-2021-2022/ Terima Kasih"
Akademik Validasi KRS JTIF terlambat,"Sesuai arahan pimpinan JTIF, mahasiswa diharap mengajukan ttd kepada dosen PA serta diajukan pada Form di bawah ini.Berikut kami kirimkan pengajuan validasi KRS mahasiswa AKTIF yang terlambat https://s.ub.ac.id/validasikrsjtifterlambathttps://s.ub.ac.id/validasikrsjtifterlambat Terimakasih"
Akademik ; Ijazah,"Terimakasih telah menghubungi halo filkom,Progres ijazah bisa diakses di https://bit.ly/3rBYWFn"" target=""_blank http://bit.ly/3rBY Fn Mekanisme pengambilan bisa mengisi link berikut https://forms.gle/TzvYW6iXW2pRM8Ly7"" target=""_blankhttps://forms.gle/TzvI W6iXW2pRM8Ly 7 Terimakasih "
Akademik ; Legalisir Ijazah,"Terimakasih telah menghubungi halo filkom,Legalisir ijazah ; https://bit.ly/LegalisirFilkom"" target=""_blank http://bit.ly/Legalisir Filkom Terima Kasih"
Akademik List Dosen Minat Skripsi,Berikut kami sampaikan nama dosen sesuai minat yang ada pada FILKOM UB (wajib menggunakan email UB/ student) :https://docs.google.com/spreadsheets/d/1JxeWGjL-rG_Cz3VwHNOCHUOCrLBmEpIl/edit?usp=sharing&amp;ouid=110337177431172742636&amp;rtpof=true&amp;sd=truehttps://docs.google.com/spreadsheets/d/1JxeWGjL-rG_Cz3VwHNOCHUOCrLBmEpIl/edit?usp=sharing&amp;ouid=110337177431172742636&amp;rtpof=true&amp;sd=true Terimakasih
Akademik_Legalisir KHS/ dll DTIF,"Terimakasih telah menghubungi halo filkom, Berikut kami kirimkan link layanan akademik legalisir TIF FILKOM UBhttps://docs.google.com/forms/d/1xhgJyPQB7OosIU-A2EzqMgfLmu5QJxt6pxj5tBQiBLY/edithttps://docs.google.com/forms/d/1xhgJyPQB7OosIU-A2EzqMgfLmu5QJxt6pxj5tBQiBLY/edit Terimakasih"
Akademik; PIN,"Terima Kasih telah menghubungi halo filkom, Lulusan mulai 28-12-2020 wajib PIN , PIN adalah Penomoran Ijazah Nasional, tahap untuk pengajuan PIN harus dilakukan pelaporan lulus di PDDIKTI, kemudian akan dilakukan pengecekan data antara data di UB dengan di PDDIKTI, sementara belum bisa dilakukan pelaporan data d'karena sedang dilakukan migrasi data PDDIKTI ke server yang baru. Terimakasih"
Akademik Tidak bisa mengikuti Perkuliahan Luring/ Hybrid,"Terimakasih telah menghubungi halo filkom,Menginfokan terkait perkuliahan yg telah berjalan s.d UTS sekarang, maka jika terdapat mahasiswa dengan kelas non hyid dan berhalangan untuk mengikuti secara luring dimohon mengisi Form berikut ini sbg pendataan akademik fakultas s.d jumat 08 04 2022 :https://docs.google.com/forms/d/e/1FAIpQLSfN_-ptPujRNgvv9Up9ZnjRp64w8RqeS7_BO4XAhzl95u0HyA/viewform"" target=""_blankhttps://docs.google.com/forms/d/e/1FAIpQLSfN_-ptPujRNgvv9Up9ZnjRp64w8RqeS7_BO4XAhzl95u0HyA/viewform Terimakasih"
Akademik ; Layanan Akademik," Terimakasih telah menghubungi halo filkom,Berikut kami kirimkan link layanan akademik filkom UB : https://filkom.ub.ac.id/pendidikan/layanan-akademik/https://filkom.ub.ac.id/pendidikan/layanan-akademik/ Terimakasih "
Akademik ; Status Wisuda belum valid,"Terimakasih telah menghubungi halo filkom,Sesuai prosedur kemahasiswaan Filkom UB, mahasiswa diminta konfirmasi melalui gform pada link berikut https://filkom.ub.ac.id/kemahasiswaan/layanan-kemahasiswaan/"" target=""_blank https://filkom.ub.ac.id/kemahasiswaan/layanan-kemahasiswaan/ Terima Kasih"
Akademik ;  Peminjaman Ijazah,"Terima Kasih telah menghubungi halo filkom,Berikut kami kirimkan link peminjaman ijazah dari akademik kantor pusat :https://ub.ac.id/id/faq/bagaimana-prosedur-peminjaman-ijazah/"" target=""_blankhttps://ub.ac.id/id/faq/bagaimana-prosedur-peminjaman-ijazah/ Terimakasih"
Akademik _ Perubahan Judul Skripsi,"Terimakasih telah menghubungi halo filkom,Perubahan Judul skripsi bisa dilakukan pada saat :- sebelum P2 bisa melalui masing masing dosen pembimbing- setelah P2 bisa langsung unggah pada kolom Judul saat akan melakukan pendaftaran Semhas- setelah ujian sidang bisa saat upload dokumen akhir Terimakasih"
Akademik ; Tidak bisa mengikuti UAS Luring dan Terpadu,"Terima Kasih telah menghubungi Halo FIlkom, Berdasar arahan panitia UAS Filkom 2021-2 Prasyarat tidak bisa mengikuti UAS Luring (Informasi ini tidak boleh disebar ke mahasiswa lain) :- Surat Keterangan Sakit dari Rumah Sakit terdekat, atau- Surat Tugas tingkat Fakultas/ Universitas, atau- Surat Keterangan Orang Tua beserta alasan (wajib materai) -&gt; jika memungkinkan akan dilaksanakan UAS Daring sesuai jadwal UAS MK tersebut Surat tersebut di atas bisa disampaikan pada tiket ini Terimakasih"
Akademik; SKL dan transkrip sementara,"Terimakasih telah menghubungi halo filkom,- Untuk permintaan SKL dimohon menghubungi WA Center Yudisium sembari kami infokan kepada operator juga- Transkrip https://bit.ly/TranskripNilaiFilkom"" target=""_blank http://bit.ly/Transkrip Nilai Fikom Terima Kasih"
Akademik Revisi Skripsi,"Terima Kasih telah menghubungi halo filkom,Mahasiswa pasca Ujian Skripsi bisa memproses :1 Pengajuan ttd dosen pembimbing Pengajuan validasi lembar pengesahan pada ketua Departemen melalui link layanan akademik Mahasiswa unggah dokumen akhir yg telah divalidasi oleh Ketua Departemen melalui filkom apps (tombol upload dokumen akhir) Terimakasih"
Keuangan - KIP K,"Sampai saat ini kami masih mengikuti Panduan KIP Kuliah dari Kemdikbud yang dapat diakses di tautan berikut https://kip-kuliah.kemdikbud.go.id/panduan"" target=""blankhttps://kip-kuliah.kemdikbud.go.id/panduan. Bahwa saat ini KIP-Kuliah dikhususkan untuk calon mahasiswa/lulusan SMA sederajat tahun berjalan atau lulus dua tahun sebelumnya. Tapi terkait hal ini juga sudah kami tanyakan ke rektorat. Data anda sudah kami simpan. Akan kami hubungi jika ada perubahan informasi/ketentuan lebih lanjut. Terima kasih  "
Akademik Layanan kemahasiswaan,Berikut kami sampaikan link layanan kemahasiswaan untuk keperluan tiap poin :https://filkom.ub.ac.id/kemahasiswaan/layanan-kemahasiswaan/https://filkom.ub.ac.id/kemahasiswaan/layanan-kemahasiswaan/ Terimakasih
Akademik_Edaran Skripsi,"Terimakasih telah menghubungi halo filkom,SIlahkan menyesuaikan dengan edaran fakultas berikut :https://drive.google.com/file/d/1qpn3JLt2YWPVdZXcFa3dip792iPFXPxT/viewhttps://drive.google.com/file/d/1qpn3JLt2YWPVdZXcFa3dip792iPFXPxT/view (poin D2) danhttps://filkom.ub.ac.id/2022/06/16/informasi-update-sistem-skripsi-dan-yudisium-fakultas-ilmu-komputer-universitas-awijaya/https://filkom.ub.ac.id/2022/06/16/informasi-update-sistem-skripsi-dan-yudisium-fakultas-ilmu-komputer-universitas-awijaya/ (poin no 3) Terimakasih"
Akademik Pengajuan nilai praktikum,Berikut kami kirimkan link layanan pengajuan nilai praktikum Filkom UB :https://docs.google.com/forms/u/3/d/1xQjJhWAdUx0SrE0pvTVKyxifwK4nVx5pUNdewjZHgWk/edit?usp=drive_webhttps://docs.google.com/forms/u/3/d/1xQjJhWAdUx0SrE0pvTVKyxifwK4nVx5pUNdewjZHgWk/edit?usp=drive_web Terimakasih
Akademik_KKN 2020,"Sosialisasi : https://filkom.ub.ac.id/2022/06/23/pengumuman-jadwal-sosialisasi-danpembekalan-kkn-secara-luring-tahun-2022/"" target=""blankhttps://filkom.ub.ac.id/2022/06/23/pengumuman-jadwal-sosialisasi-dan pembekalan-kkn-secara-luring-tahun-2022/ Tata tertib : https://kkn-filkom.ub.ac.id/article/tata-tertib-pembekalan-kkn-filkom-2022"" target=""_blankhttps://kkn-filkom.ub.ac.id/article/tata-tertib-pembekalan-kkn-filkom-2022 Terimakasih"
Akademik Pendaftaran seminar hasil/ ujian skripsi FIlkom UB,"Terima Kasih telah menghubungi halo filkom, Pendaftaran Semhas/ Ujian skripsi FIlkom UB :1 wajib mendaftar pada akun filkom apps masing masing2 wajib submit Form layanan akademik poin 15 (cek deskripsi Form) perihal semhas https://filkom.ub.ac.id/pendidikan/layanan-akademik/https://filkom.ub.ac.id/pendidikan/layanan-akademik/ Terimakasih"
Akademik Nilai PKM - KKN,"wa'alaikumussalam Sekedar menginformasikan bahwa nilai Anda adalah B (3.0)Dikarenakan pada semester 2021-2 Anda sudah menempuh 21 sks sedangkan sks MK PKM (KKN) adalah 4 sks, maka Anda bisa entry KRS PKM pada semester berikutnya Terimakasih"
PSIK : Permasalahan telah diproses (Tiket ditutup),Tiket kami tutup karena permasalahan telah terselesaikan. Terima kasih telah menghubungi Halo FILKOM
Akademik Nilai MBKM belum keluar 2021-2,"Selamat Pagi,Bagi mahasiswa yang pada semester genap 2021/2022 lalu juga mengikuti kegiatan MBKM maka nilai IPK yang tertera pada sistem dikti adalah nol. Hal ini dikarenakan Evaluasi Akhir Semester (EAS) belum dilaksanakan sehingga nilai belum bisa diinputkan."
Akademik Perpanjangan skripsi,"Selamat siang Evaluasi Akhir Semester bagi mahasiswa yang memprogram skripsi adalah sebagai berikut (mengacu pada edaran Dekan No 5582/UN10.F15/PP/2020) : Mahasiswa yang telah melakukan Pendaftaran Seminar Hasil tetapi belum melakukan Seminar Hasil dan Sidang Skripsi maka dapat diberikan perpanjangan secara otomatis pada Semester berikutnya Mahasiswa yang telah menyelesaikan Progres P2 (dengan nilai &gt;= 75) maka dapat diberikan perpanjangan 1 semester secara otomatis pada Semester berikutnya, jika sebelumnya belum mendapatkan perpanjangan Mahasiswa yang telah menyelesaikan Progres P1 (dengan nilai &gt;= 75) maka dapat diberikan perpanjangan 1 semester pada Semester berikutnya, jika mendapatkan persetujuan dari pembimbing skripsi secara manual (pembimbing memberikan persetujuan melalui FILKOM Apps pada periode Evaluasi Akhir Semester)Mahasiswa yang belum menyelesaikan Progres P1 dan atau tidak memenuhi sesuai ketentuan 1 sampai 3 maka dinyatakan Gagal dan harus mengulang proses pengerjaan skripsi dari awal (pra-proposal). Evaluasi Akhir Semester akan dilaksanakan pada batas akhir Semester Aktif Terima kasih"
Akademik; Perpanjangan Masa Studi Filkom 2022/ 2023 Ganjil,"Terima Kasih telah menghubungi halo filkom, Mahasiswa bisa segera mengisi Form perpanjangan berikut :https://docs.google.com/forms/d/1ESYZRIjLZJAHMxWCZgJQsiiT0uODi8RM_UVvoqdfVSI/edithttps://docs.google.com/forms/d/1ESYZRIjLZJAHMxWCZgJQsiiT0uODi8RM_UVvoqdfVSI/ Terimakasih"
Akademik Alur Pasca Ujian Skripsi,Panduan mahasiswa telah lulus Ujian Skripsi ;1 Mahasiswa melakukan revisi sesuai arahan dari dosen majlis Ujian Skripsi serta permintaan ttd Lembar Pengesahan kpd Pembimbing Mahasiswa mengajukan validasi Lembar Pengesahan kpd Departemen melalui link layanan akademik poin no 21(filkom apps gt;pendidikan &gt;layanan akademik)3 Mahasiswa upload dokumen akhir pada tombol yg tertera pada filkom apps masing masing 4 Mahasiswa melakukan pendaftaran yudisium pada filkom apps masing masing 5 Mahasiswa konfirmasi ke WA center yudisium (081132007577) jika status filkom apps sudah penjadwalan yudisium agar dimasukkan ke dalam grup WAG yudisium periode yang ada 6 Operator yudisium akan konfirmasi terkait draft transkrip kpd mahasiswa (pernyataan mahasiswa) 7 Nilai dientri oleh petugas yudisium (mohon konfirmasi ke WA center yudisium secara berkala jika poin no 6 sudah terlaksana)8 Mahasiswa unggah kelengkapan yudisium dan wisuda pada SIAM jika nomor 7 sudah terlaksana Terimakasih
Akademik_Mhs Kritis Ujian sblm 21-07-2022 Yudisium,"Terimakasih telah menghubungi HaloFilkom,-Bagi mahasiswa kritis (2014 &amp; 2015) yang telah habis masa studi dan telah melaksanakan Ujian Skripsi s.d batas yang telah ditentukan oleh Fakultas pada periode 2021-Genap ini, maka secara otomatis diikutkan peserta Yudisium pada periode SK 2021-Genap menyesuaikan dengan edaran dekan https://filkom.ub.ac.id/2022/06/16/informasi-update-sistem-skripsi-dan-yudisium-fakultas-ilmu-komputer-universitas-awijaya/https://filkom.ub.ac.id/2022/06/16/informasi-update-sistem-skripsi-dan-yudisium-fakultas-ilmu-komputer-universitas-awijaya/-Mahasiswa tetap diwajibkan pengajuan pembebasan UKT pada ticket HaloFilkom perihal Keuangan sebagai antisipasi keluarnya tagihan secara mendadak (Jika tagihan by system TIK Pusat (2022-Ganjil) muncul lebih awal saat masa transisi semester, SK Internal Fakultas akan diajukan kepada bagian keuangan untuk pembebasan UKT mhs pada smt berikutnya 2022-Ganjil)-Mahasiswa tetap diwajibkan memproses persyaratan yudisium dan wisuda segera mungkin pada akun filkom apps dan SIAM masing masing untuk membantu proses berikutnya (penerbitan SKL dll)-Mahasiswa yang belum menyelesaikan berkas kelengkapan yudisium (filkom apps &amp; SIAM) tidak bisa menerima berkas SKL maupun Ijazah/ Tranksrip Terimakasih"
Akademik Ujian Skripsi 2021-2 ; Pendaftaran yudisium NON KRITIS 2021-2 (2022-1),"Terima Kasih telah menghubungi halo filkom, Bagi mahasiswa yang telah melaksanakan ujian skripsi melebihi tanggal 21 Juli 2022 tidak diakui sebagai pendaftar yudisium periode 2021-Genap (sesuai edaran dekan), untuk progres berikutnya mahasiswa :- Memastikan perihal UKT di periode berikutnya (2022-Ganjil) dengan cara mengisi tiket baru perihal/ help topic : keuangan(angsuran, penundaan, dll)- Set KRS Skripsi pada smt 2022- Ganjil- Segera melakukan pendaftaran yudisium pada Filkom Apps dan SIAM Terimakasih"
Akademik_templates DTIF,"Terima Kasih telah menghubungi halo filkom,Berikut kami kirimkan link layanan akademik terkait template DRIFT (PKL, Skripsi dll) ; https://s.ub.ac.id/templates-jtifhttps://s.ub.ac.id/templates-jtif Terimakasih"
"Akademik Validasi Wisuda Kemahasiswaan (Jurnal, TOEFL, TI)",Mohon mahasiswa bisa mengisi &amp; menyesuaikan dengan Form Layanan Kemahasiswaan ;https://filkom.ub.ac.id/kemahasiswaan/layanan-kemahasiswaan/https://filkom.ub.ac.id/kemahasiswaan/layanan-kemahasiswaan/ (validasi data wisuda) Terimakasih